code,MARKET_CAP,EP,BP,DIVIDEND_YIELD,ROE,ROE_STABILITY,PROFIT_GROWTH,OCF_TO_REVENUE,MOMENTUM_20,MOMENTUM_60,VOLATILITY_20,TURNOVER_STABILITY,VOLUME_PRICE_DIVERGENCE,INDUSTRY,LIST_DATE
600210.SH,3650302323.47154,0.06722202591996318,1.003561264262866,0.011338326705070274,0.038867526174164314,33.752581776899206,-0.2593710839706591,0.0695689178038966,-0.07184466019417479,0.05986696230598687,0.2315206784890674,4.856225147759988,0.4689489692459642,综合,2010-01-01
601766.SH,12005343546.929562,0.029248092534786465,0.840620253488754,0.02503849209456463,0.1281190645891759,33.33238651779901,0.1591921035125891,0.177625690168344,0.06329113924050622,0.12941176470588234,0.3410206407128589,2.7569782838166996,-0.11897558715922181,机械设备,2010-01-01
002110.SZ,48098365298.53102,0.056882497135251495,1.1993406989204864,0.028057565852254322,0.11045596240449905,41.13820204303098,-0.036554190605758846,-0.028210001254344197,-0.1578947368421052,-0.1532033426183843,0.2537921067274697,2.2780735574680926,0.8134873100331069,钢铁,2010-01-01
000776.SZ,1078755846.4978209,0.05304318172542745,0.656216670266107,0.01800424943402137,0.14728331980262857,65.87082198283706,0.05463869308277207,0.2228998699394102,-0.03499708357636866,-0.1057833371940391,0.12594435763746847,2.7078111289334514,0.3831042781224712,非银金融,2010-01-01
002202.SZ,2319783834.4502816,0.02478908510618678,0.71957513219358,0.0295158345036583,0.09485034094102818,26.33244838284416,-0.014143055656693715,0.1461246825019216,-0.11695137976346914,-0.09189189189189195,0.2978490339595632,1.7660568779521357,-0.34476941520564786,电力设备,2010-01-01
601100.SH,7690537915.56083,0.020159242349987262,0.8815379387778062,0.02968680505901351,0.009989845185774365,29.742714733692257,0.40208065809624893,0.18862658642077573,-0.04780230909459182,-0.09474292316580013,0.2898948159819451,2.3774654539473103,-0.21631629505921132,机械设备,2010-01-01
002311.SZ,16065598687.919537,0.06371737028527016,0.4455561911230696,0.006174480009420604,0.07818352892459707,30.908627463142718,0.10617528827028021,0.041463278467299705,-0.09356257497001197,0.08702948933109567,0.17831676186944528,2.47500340818437,0.16826001610772473,农林牧渔,2010-01-01
000157.SZ,15615840887.785507,0.08408170925882816,0.9630750218247489,0.0035125305082947798,0.1132217129502774,45.418105705391994,0.22645540863566604,0.08886239802567071,-0.048452220726783235,0.02463768115942022,0.30340363385904073,4.462064596644015,0.14904214842362318,机械设备,2010-01-01
002293.SZ,2739515101.7900224,0.04258646021112334,0.7317848349819642,0.018813083123609457,0.060214484654242534,23.93403845658074,-0.21681662331968835,0.13379565099043975,-0.05142083897158323,-0.144078144078144,0.16696808137083455,3.2535986876944603,0.21789648546798882,纺织服饰,2010-01-01
000768.SZ,3909320452.466388,0.021574760549893424,0.8970973428141193,0.01301076762919237,0.07084887989137631,77.69440509256324,0.3386653133308226,0.14752996378424788,0.02486069438491212,0.10745715609078288,0.3010613603791704,2.5302496948950703,-0.45651178645474455,国防军工,2010-01-01
300496.SZ,1574181988.6381316,0.03870632018791404,0.739020604158044,0.00818328325029156,-0.043379687105784825,23.904902801477515,0.2377869725670862,0.08302561782147128,0.0059325327823578355,-0.13555657126784326,0.626142274676652,3.4620372047587735,-0.5945585484050434,计算机,2010-01-01
600023.SH,29633861858.35414,0.043200092984943664,0.40947546367945514,0.014160057005083711,0.08619036129639951,20.232919494169213,0.349066763301657,0.08384268139931111,0.08431703204047225,0.17122040072859734,0.3640331048731122,2.279085548236709,-0.042711030862197914,公用事业,2010-01-01
000063.SZ,2457370621.6738133,0.04349261111467334,0.9988791355979799,0.010643506271669167,0.12363080035530297,29.220414388538938,0.08326981839021089,0.0022823968388341193,0.0454901960784313,0.003009781790820343,0.20564559307375635,3.5426152570772347,-0.32748143507454686,通信,2010-01-01
601985.SH,9070617532.999899,0.060506776687586916,0.5210029269641302,0.028061263598998142,0.07328789688252081,22.465289519326458,0.2007384283308852,0.10395630575364287,0.11006114508060039,0.18235642391947882,0.2893393134135388,2.373565505853074,0.08754978195369559,公用事业,2010-01-01
300014.SZ,1296848700.818491,0.07349489952938126,0.8194791827084686,0.015073347337744387,0.03275507783092309,36.47682252318588,0.2798593178344325,0.10394564341247317,0.12675821426585876,0.040801129798433644,0.46262188191637316,2.0136734928359217,-0.6967748721394635,电力设备,2010-01-01
002157.SZ,11120419343.373951,0.07011878678102626,1.143243386086001,0.02967377399825877,0.14855072615446896,33.42351928105642,0.3591362662891102,0.10787280515223081,0.019169329073482455,0.18587360594795532,0.4407888199192243,1.5685350415770425,0.061305399048682076,农林牧渔,2010-01-01
600886.SH,1943172028.012336,0.06361132370322657,1.0625200586691421,0.024345530907439142,0.10760952116343002,20.37894996085957,0.16336927981764474,0.16434939018843656,0.06309546343617889,0.23535449813036147,0.2481911618155943,3.1536623373770376,0.3469470286426387,公用事业,2010-01-01
601628.SH,770550183.6705319,0.03577023351103763,0.9361632970248916,0.022339688418720763,0.052599933583225095,23.656858080793658,-0.09390641293170623,0.061532100886744164,-0.01730781790869318,0.1111439332397901,0.17245879587496016,3.7978740708913397,-0.5423565749401332,非银金融,2010-01-01
002304.SZ,10640759397.199415,0.0618910898713004,0.9953447801753608,0.024676146344696,0.08859063808485412,92.40033698514259,-0.012046284508973298,0.0708815785911768,-0.11912356605152352,-0.1727612387394748,0.12780646942070134,4.48327281825717,0.21513822574297992,食品饮料,2010-01-01
002466.SZ,9897931381.544355,0.0758002476474777,0.3113816999603044,0.016600967168909044,0.07250955961590234,26.661592442922547,0.11694238206684784,0.15528976126318578,-0.13479001135073787,-0.3706914344685244,0.2194720220773357,4.105087754559198,-0.1865587359625399,有色金属,2010-01-01
300251.SZ,14640870024.18281,0.05859909614766792,0.7956201801626658,0.006281657529815653,0.12309316459108323,41.075431799151744,0.3001722840656394,0.010780845640674802,-0.02755137182872236,-0.16632221238067113,0.26192983779794915,5.206090912200786,0.03362892062083355,传媒,2010-01-01
002405.SZ,2899068387.6998415,0.058544443021843875,0.20218611303245904,0.005976277792671907,0.07504104896494646,24.362315642965363,0.03155985884673232,0.13479707421146184,0.010687022900763399,-0.1609632446134347,0.46500447182380533,1.9606553669144884,-0.6769247496340843,计算机,2010-01-01
300760.SZ,15817643310.803373,0.04986868082642972,0.9107155314674173,0.018583438095186287,0.14241730025145288,74.20956974599798,0.3479548346618957,0.04152290246565528,-0.033321787322480145,0.011562579288846964,0.2246304678629004,2.482894289899964,-0.07201762641940473,医药生物,2010-01-01
600519.SH,1430385743.1386275,0.053641523942856977,0.8045833435335074,0.007426706972803094,0.13727492757542686,41.59699347195014,-0.21454699030827076,0.1774223078275923,-0.11154055507984972,-0.12505932471701253,0.16031605731457363,2.411318886100684,0.6190643412709249,食品饮料,2010-01-01
600372.SH,10769826369.765663,0.03748439607335535,0.17771612299499007,0.007713681799031235,0.037866092253946985,62.62779412454025,0.02454902170838455,0.16948338576597088,0.02984817115251892,0.037004864489228684,0.1914584771043043,3.643775200258944,-0.305069240072963,国防军工,2010-01-01
000058.SZ,2846213767.508996,0.03336169629562254,0.7531801743002279,0.007646928251730498,0.028856164262148626,56.64023877420351,0.22540278447007162,0.1190342447962139,-0.09517558254020353,-0.21497722095671978,0.3020413797798711,3.627127536878478,0.5770325359614714,综合,2010-01-01
002179.SZ,8690442898.785723,0.03576658187104535,0.9582187949494666,0.004101978176819395,0.07212553830680335,20.714170986488433,-0.14914273642218287,-0.07130604763203519,0.06729435376759829,0.03461989642642549,0.26691223888281346,2.4902518135014327,-0.6716570599019753,国防军工,2010-01-01
000591.SZ,25852658615.164116,0.03762884010675337,0.9740318543203189,0.019232758452996428,0.040377103614407876,44.82970279940442,0.13911116816980698,0.05889403359124892,-0.10265700483091789,-0.1186239620403321,0.2756821052884664,1.5841432305122785,-0.18836714829188872,公用事业,2010-01-01
601330.SH,25103667266.854176,0.011688361015731168,1.1019996189277022,0.008549846815318292,0.12123263414834208,87.13238135391241,0.2140498656792632,0.12676231079878097,-0.10880000000000001,-0.1102236421725239,0.2775529813881371,4.083714983649156,0.5639032142400364,环保,2010-01-01
002371.SZ,17707866246.41012,0.04745015684720184,0.9105759901395567,0.028957690514499243,0.14958773263990646,24.094361710840246,0.14791834387473968,0.25668768572320616,0.1511764427401412,0.0566515734858295,0.3633324167671602,3.3458368450852234,-0.5022332099888132,电子,2010-01-01
300137.SZ,1809078778.0148885,0.10745927871114777,0.7681791800420396,0.0008417206945715216,0.1027993977019058,21.502640276245895,0.09824586017829919,0.19351919346599905,-0.18784530386740328,-0.15517241379310343,0.9240822336856804,0.9729566143438552,0.2468725947914742,环保,2010-01-01
601186.SH,88279014728.1604,0.057423988465709765,1.25838710954267,0.01627334516390079,0.16909701896611884,63.58547660190042,-0.2924054200619901,0.11339244843016362,-0.02583025830258312,0.01538461538461533,0.16953115385116715,4.166912209616155,-0.20600862392932592,建筑装饰,2010-01-01
600188.SH,15685872676.674541,0.022322791399991104,0.9600925238043304,0.028953620869856707,0.059874404287107275,44.0004354915369,0.40580765392227525,0.2554262900977498,-0.06859523530102118,-0.031011537757157703,0.3207752251227347,2.24895850511702,0.2705216225778811,煤炭,2010-01-01
002271.SZ,1230702289.7568493,0.05943757528582368,0.9340911201626763,0.0021883294564178225,0.058207482161118144,30.373247700928932,0.37223720144824624,0.2725997254555711,-0.21323529411764708,-0.20534719643520238,0.46696326529594284,2.735253031636702,0.1206371920053502,建筑材料,2010-01-01
000725.SZ,60818783099.9403,0.04418342246001363,0.11485203944304145,0.009709631839358995,0.1291069740297391,60.66897052326577,0.14549041591101317,0.1421640616347412,-0.03614457831325313,0.04166666666666674,0.232035490581394,3.5519655352844697,0.6130545943832336,电子,2010-01-01
002191.SZ,5070982923.617108,0.055155333209931,0.2753207739286282,0.00959275053871938,0.11985759060701062,24.455115369202392,0.27012004701980324,0.006316163420242868,-0.1353310778153698,-0.1827318410232983,0.2881420188148379,3.1310542494630695,0.8122295951631263,轻工制造,2010-01-01
000625.SZ,4240662967.619803,0.0542176319048038,0.42019285612507634,0.02717341041534854,0.13733732253378472,53.34820813141071,0.37721444361705153,0.1594308821729074,-0.007997091966557734,-0.20307207101974067,0.28657930602267445,3.822411320604002,-0.09967203873357179,汽车,2010-01-01
002281.SZ,1654332998.6759076,0.05715862818050634,0.7657730812693394,0.010571503394969733,0.14104201630397156,73.21406801221063,0.05487542545324249,0.1490320745530699,0.06814159292035415,-0.04054054054054057,0.45205570849067317,2.4015269339069785,-0.7484628393456871,通信,2010-01-01
000888.SZ,16693048152.781214,0.04518495702877687,0.765221483571429,0.012181638222925843,0.10533763013005695,26.389262987883814,0.26180886798425007,0.18868293958796045,-0.0380779691749773,0.10062240663900401,0.3570390263626692,2.0996560352969698,-0.32026672742795537,社会服务,2010-01-01
002572.SZ,16297879027.587975,0.0073724292097133715,1.4029549055343042,0.0030722526999761223,0.102827802853836,23.332067048930657,0.21322789149427573,0.14733967561289743,-0.1361985472154964,0.11991838016010026,0.2573774939235441,3.245039950947912,-0.3257935466053427,轻工制造,2010-01-01
603236.SH,1534634410.503411,0.052891609988505235,0.9617228191332827,0.01379229962755523,0.07876398883824244,55.298484881656904,0.06733939993454653,-0.03140129048534579,0.09286675639300146,0.1909068687362503,0.2932417229560098,4.504560435323354,-0.3922888968782745,通信,2010-01-01
600837.SH,5679621500.228836,0.042734679250640784,0.6746005872887186,0.022447255733826197,0.11181895859928281,52.39312487946744,0.07813698751269531,0.11666155908729259,0.07652741186802148,-0.022776449151577394,0.42029925480870906,1.1672215613546482,-0.8441937064394588,非银金融,2010-01-01
001979.SZ,3102403956.088535,0.0860818572031124,1.2399315107981554,0.0031298776283475204,0.13237826584201304,41.56151508591041,0.14818165139181017,0.16059586437192422,-0.09436929852154774,-0.020415107179312608,0.3631874649415922,3.7574352612451585,-0.22120360638755046,房地产,2010-01-01
600808.SH,6609416857.275535,0.08684660845254805,0.43443627801789925,0.028790274685375247,0.1538261579282935,28.103079320449243,0.025803749464513,0.11884807603225099,-0.10344827586206884,-0.16799999999999993,0.23722506113811234,3.343516232542558,0.3694594667423851,钢铁,2010-01-01
603385.SH,9397148319.587126,0.06334935761653067,1.1552901230712638,0.022884458017029853,0.1607838437296823,20.287950625168893,0.32313035449891414,-0.08616029627806465,-0.1486068111455109,-0.08026755852842815,0.4375601373894981,2.8472770228958844,0.26721282499435445,轻工制造,2010-01-01
601857.SH,36687657560.83451,0.06268391019873576,0.6989374970030093,0.01317176581490351,0.011837022504503122,32.117556972521676,0.4729604565183473,0.12738615285010438,0.0,0.10906862745098045,0.2817953157313388,4.444727845665091,-0.10652363215320781,石油石化,2010-01-01
000402.SZ,5514147227.955525,0.05891379227371471,0.8978628558823003,0.02234434497330464,0.00820671442626375,34.312387432657005,0.05821167688234369,0.14278891606703473,-0.23197492163009392,-0.23676012461059182,0.3058094243466043,4.134033544610883,0.34237712116494257,房地产,2010-01-01
601899.SH,15371560659.620686,0.046209955949419824,0.8776390200475186,0.02510551981122632,0.13562437750954856,61.10209011032247,0.017978494731059197,0.18440748074818414,-0.01762632197414815,0.14599040438656607,0.33280536561424895,5.011131166928624,0.346644111744556,有色金属,2010-01-01
002081.SZ,1072942951.7767445,0.036040533331104956,0.6215225245951506,0.004983774292558977,0.11110186000347375,48.036270483278905,0.0760306899200956,0.18878797313308426,-0.10447761194029848,-0.06832298136645965,0.25346365906448637,3.672684109027941,0.7441972182371738,建筑装饰,2010-01-01
603808.SH,31464205578.72004,0.033508853106439584,0.7956388593118272,0.0039406215981802675,0.09354046073449726,24.109579484468085,0.13905419939476488,0.07720693680143223,-0.10812653395145888,-0.18380334414774135,0.2771646035878597,2.764046556409655,0.6044014866628398,纺织服饰,2010-01-01
000938.SZ,2751632171.6683416,0.053291435976016925,0.6673191592537926,0.0031074243355848673,0.13469989858226208,27.516002512631157,-0.11424616801826368,0.039432524696745117,0.043664190862030106,0.025204510280787185,0.43978310537724596,2.7233709020121335,-0.6010329448250034,计算机,2010-01-01
600010.SH,18619995745.46361,0.041928819843857844,1.4456547089856693,0.016073530259013466,0.08381061460648212,73.8740663822423,-0.11394986957338296,0.23649353928047148,-0.10269576379974332,-0.13059701492537323,0.2054217097475762,2.839943834555885,0.5928764648491042,钢铁,2010-01-01
601888.SH,6090354602.854542,0.08235124784090456,0.5988630776352598,0.02049235349502047,0.02062643605699757,35.68894027762967,0.408727170094775,0.17692505209963844,-0.10394569367840467,-0.22123893805309736,0.2627950717720445,3.8348088152575373,-0.291824772783802,社会服务,2010-01-01
600967.SH,37705930729.60381,0.06811606324717032,0.7053308656731049,0.025134702699814767,0.038408724755228156,27.715097825708412,0.13666583123668133,0.09714499546618244,-0.07975541672205233,-0.07483629560336758,0.19970520783047954,3.507929841935405,0.5384865961170031,国防军工,2010-01-01
000651.SZ,7291600435.978017,0.0697128950040618,0.7634680841544518,0.021255081996048496,0.14486124678965032,44.83259632475064,0.18050450773424026,0.25639755914058227,-0.04189623507805329,0.049343139103651845,0.2129044119874839,4.697326614026999,-0.3016823497604948,家用电器,2010-01-01
601928.SH,23221159551.94697,0.06933614940262209,0.9739919594315165,0.026054893836661278,0.07303575243889796,23.514348801997105,-0.10281914522660626,0.11749764943999555,0.03647416413373872,0.005899705014749346,0.3933967388244889,3.8694310259001043,-0.6163535808707146,传媒,2010-01-01
600990.SH,3268599838.7419176,0.030353381891267323,0.6325668371327724,0.0025312458425699423,0.10823771041868016,24.517222505336445,0.13737425559229657,0.0014679377459975718,-0.12991939307728773,-0.04922279792746109,0.4273205901827199,2.7067747891500518,-0.07309319674282878,国防军工,2010-01-01
603993.SH,42349512161.237885,0.04380594189788347,0.6983718358100521,0.027227222229736493,0.03169572930678059,36.95718918921292,-0.13860607695818852,0.031371663008630146,0.0200320512820511,0.12522097819681788,0.44853524147446544,4.604588684751948,-0.05462415302047276,有色金属,2010-01-01
601012.SH,5008716931.711962,0.09102854358935814,0.8898208699150505,0.0047529791870864965,0.07069857582638159,33.56260363165448,0.19786665648785973,0.07050552825143545,-0.1775147928994083,-0.23242971887550212,0.3118489566961854,2.3460699924953,0.21290307075947018,电力设备,2010-01-01
002233.SZ,7749523794.102789,0.05168129610367493,1.1709253535833755,0.005992004104533286,0.14255488963403856,56.11206563590501,-0.05921084528626894,0.13966831642572947,-0.04546930821695361,-0.003221977276581356,0.2008438470517614,3.3076674049353487,-0.27796878708642997,建筑材料,2010-01-01
002032.SZ,45015739606.99526,0.03234441701439296,0.8410419206378911,0.020796660619536517,-0.022470736458268165,81.5048012419628,0.11433956419390012,0.16494779737320223,-0.0583465025368044,-0.021308782849239205,0.23907415142379612,2.766215931534825,-0.4977309218819614,家用电器,2010-01-01
601127.SH,36680734126.704,0.0945072199553055,0.38639353595589,0.013760878632814288,0.06113364976008806,53.29510069480296,0.09174619665550363,0.07551183342801215,0.18836591958690407,-0.010596534428644944,0.4308842986917491,1.9924274001566482,-0.7575952871421999,汽车,2010-01-01
601015.SH,30980474194.535717,0.06507054665574857,1.03755303888799,0.016021684290794706,0.144332537772061,22.206789012208468,0.09538345587306142,0.1554074033490077,-0.16715542521994142,-0.23655913978494636,0.30739650403623586,4.27809950204342,0.3032045572413958,煤炭,2010-01-01
002419.SZ,17131359964.354765,0.09999533274836209,0.9059907568666304,0.025726032679719336,0.10175471641668732,25.056556214399336,0.16692286697231556,0.023078421945751423,-0.10750376263169215,-0.1941370607649,0.21992574254431144,3.6136129640717387,0.5714352858812842,商贸零售,2010-01-01
002460.SZ,88430740880.56221,0.05456546179332169,1.1080670909489008,0.008365168221032072,0.08221626477528093,68.05025591655007,-0.10132416302517397,0.07040679139210404,-0.13850837138508376,-0.22740922740922742,0.2116667035438583,4.822171172823077,0.006186217336257025,有色金属,2010-01-01
601138.SH,42842104640.078125,0.058241195389485065,0.9940819587745497,0.020316327589841393,-0.0072028148022908745,30.669072004223946,0.08183548857389077,0.09070011272465078,0.19115044247787605,0.17657342657342667,0.6750848389108393,2.354717782862605,-0.49650146071923573,电子,2010-01-01
600971.SH,4078469661.2101784,0.09093948724168338,0.7524585517027601,0.015411944958863479,0.04196360633230378,22.834741469890236,0.31280139870624624,0.2560053120621296,-0.002617801047120505,0.08034026465028354,0.3006376335420733,3.2965519277278834,-0.053952610089045686,煤炭,2010-01-01
600028.SH,35328060729.58228,0.06423367210752302,0.8406668070750083,0.027135809857150882,0.09678424063395785,20.37804722933537,-0.3064094420263631,0.1144153938302987,-0.04789599726308591,-0.010664770707429883,0.21026213283322712,3.195987192165462,0.024330965042262946,石油石化,2010-01-01
601669.SH,1553285028.9043372,0.03778527876795759,0.7718235417872519,0.015375582715627393,0.037904196275103885,21.077566236327662,0.25566665117519105,0.0689232867754711,0.03139101432215008,0.11684724877841512,0.285638504355291,2.2687913969791658,-0.6200245773313505,建筑装饰,2010-01-01
002385.SZ,10119450823.70817,0.03910472455012318,1.1722657602913407,0.0029292706205146643,0.13575792281502616,25.135762385724234,0.10993301755876744,0.18304880886226182,-0.15459551037695896,-0.2326028450595925,0.20885742120896708,2.7319893737821848,0.6738643834982014,农林牧渔,2010-01-01
603605.SH,1483078223.596105,0.05936230417811139,0.833601223678498,0.00923054923014096,0.09491083434155934,33.47186177683632,0.014323483504862788,0.24997750332849536,-0.012506039848790729,0.13627097210260652,0.2567406499872562,4.123245911999234,-0.23000606935834444,美容护理,2010-01-01
002714.SZ,15066800318.636532,0.022427072486097824,0.5361995533133068,0.021269255769293872,0.008266673951056736,24.85257399442503,-0.1088596110107202,0.18507596046346347,-0.09134233518665613,0.041999797591336874,0.25867126429290876,2.2441984610658325,0.6418637904918993,农林牧渔,2010-01-01
600054.SH,5135652303.4047165,0.02032094757801347,0.537587709630212,0.020658092367779487,0.09377033804706128,22.674098089853835,0.3073531370760324,0.17349913741614992,-0.035655274371684476,-0.040660956830175565,0.24741823210769345,2.5445806005814586,-0.2467229728814017,社会服务,2010-01-01
601088.SH,5762303357.045303,0.05038659311405193,0.9857057039003073,0.004456950902083387,0.11208721848573022,30.32597363994642,0.09820480244908539,0.09803292741805372,0.07819044959508514,0.19019728729963026,0.3232330876378533,4.715581295856205,-0.2996059282999626,煤炭,2010-01-01
000807.SZ,28184234690.26176,0.07838241601288007,0.7704175944876096,0.007995964921867743,0.15843675184418,41.9045581374087,0.46711339417322917,0.23132072131202258,-0.028941355674029,0.0777683854606932,0.33482806961675937,2.3540731390213745,0.049273381025868916,有色金属,2010-01-01
603630.SH,39790236141.29952,0.035607348909119346,0.8892123931982132,0.01941257025100086,0.10541729296055713,39.61270418713867,-0.07935467660125375,0.1383204053678347,-0.10864485981308403,-0.13393870601589097,0.32772151980572545,3.0017451599454317,0.5072452990143628,美容护理,2010-01-01
601288.SH,15171712018.379017,0.055246895145338606,0.7316495746527057,0.016126456687771157,-0.021618530738832173,21.69121703307369,0.14126503872486476,0.14122463296089893,0.00845147219193021,0.06969346443030644,0.18313043801785608,4.1644309355521045,0.039071894779641396,银行,2010-01-01
002174.SZ,47414511774.80172,0.022058165468000154,0.28922163439123294,0.018962396343178166,0.04849775877878779,24.69390703773334,0.3058577327840212,0.1772701396682474,-0.11666100351115649,-0.32294470006076914,0.31515355666350964,2.641611287591568,0.5401067096724746,传媒,2010-01-01
002594.SZ,2740859303.3616123,0.043519103759648146,0.7468743831534748,0.024274173343766636,0.051601196028969745,39.68758134370096,0.01869125299624974,0.2189329808011389,0.20457208978029628,0.16066553266913464,0.41263864001190415,2.5550235742885556,-0.7871185742505358,汽车,2010-01-01
600196.SH,2842859025.516216,0.03308048724870335,0.8073984857912744,0.017740567791768764,0.1152370623165747,33.48336384450264,0.01908709754892779,0.12277207562406633,-0.028872207169191255,-0.07017394632756357,0.1431175131377625,2.378508113383749,-0.5491811342549325,医药生物,2010-01-01
600502.SH,932404021.0442176,0.050035073741250255,0.6565737134054679,0.029777215559661233,0.053022202882224895,75.28734227232597,-0.3574760209205119,0.1576020551171416,-0.07798165137614699,-0.021897810218978297,0.23148899901418274,4.661005230341051,0.4643631598534425,建筑装饰,2010-01-01
002094.SZ,3397219569.909253,0.04774573938212321,0.47703080576423185,0.012484617938203423,0.039388199273171644,37.430040633462966,0.22858217631850328,0.15006931978735372,-0.2365145228215768,-0.3804713804713805,0.42758535648191986,3.1824587471285577,0.699838884659307,美容护理,2010-01-01
300033.SZ,3341135836.193682,0.03964875942678757,0.7218213654292044,0.002240487784601973,0.12650174372248696,71.95130775681227,-0.023241864013426622,0.10153587989301953,-0.03509881422924899,-0.23129565874548663,0.22173909682078852,3.812021414070475,-0.18461357043867835,计算机,2010-01-01
002124.SZ,5055274475.882192,0.05013872325223903,0.8526794402576652,0.02798063188613394,0.0562033032280352,48.45260841251163,0.427116107469533,0.11126615115476952,0.017167381974249052,-0.27522935779816515,0.5589730853749207,4.005700208693637,0.12146097784247926,农林牧渔,2010-01-01
002244.SZ,11969227993.859903,0.06918864056661597,0.7535603562865799,0.0017953996873020705,0.07494506228455422,22.333321026051596,0.2531905049223595,0.17689721057973806,-0.16367356217322127,0.16276864728192142,0.37451609809646863,2.188009028502657,-0.14757826397420634,房地产,2010-01-01
002078.SZ,16212798808.607616,0.04300657020512037,0.45347796306456667,0.029494798564149893,0.15753042755921132,27.631746728138157,0.3100321437146273,0.05886780633152078,-0.06241331484049928,0.018839487565938118,0.21351734547388046,4.249865555878604,0.3831710775497324,轻工制造,2010-01-01
600770.SH,16423252282.130657,0.032445588126226346,0.9904312132932489,0.004000347357132363,0.11530799141393344,20.076627839207422,0.5951111171891105,0.2652735545188625,-0.1649484536082474,-0.3704663212435233,0.4194659466892551,3.23251467339544,0.5320811092950337,综合,2010-01-01
600104.SH,7433346585.365559,0.042434116812767785,1.1647950985521787,0.005199919812825449,0.1915315377381222,27.436288085425552,0.30215868292490766,0.07272504701843893,-0.010191453738079725,-0.055567132041397516,0.19209522117894778,3.0081120737810556,-0.35719213443365827,汽车,2010-01-01
600373.SH,4961558704.288939,0.06747366568321507,0.6130627611021158,0.004307899897778333,0.04805406260033717,21.007449070227405,0.10453137606607707,0.1633965403004563,0.010387092306626933,-0.051362070086470424,0.341396569884211,3.6885352815542665,-0.26306753483582856,传媒,2010-01-01
601390.SH,3033711890.620121,0.041417849154876035,1.2394762430539301,0.016059187653695902,0.09651664774361994,27.238476352898243,0.405629509555647,0.16606097204035525,-0.03205128205128205,-0.03514376996805113,0.21477845241112054,3.952612084618876,0.006275263845110176,建筑装饰,2010-01-01
600941.SH,16930776737.127775,0.049343692242444746,0.5891146008261507,0.028088799067297728,0.07281296981424308,96.88024178638653,-0.15358355872364352,0.06205720990716114,0.07525196726116667,-0.006820643118960357,0.16876866768291676,3.9977411389599884,-0.4778554192766596,通信,2010-01-01
000002.SZ,4889384141.41998,0.060854095457555955,0.8857769257202096,0.029402376546303673,0.15811408127082682,28.81932090341706,0.21127768134789293,0.08232241901480808,-0.20022246941045607,-0.22354211663066947,0.3738410189232256,2.8643280883429845,-0.2972267992023077,房地产,2010-01-01
002707.SZ,11237709010.893833,0.029461909764018267,0.8665248279044769,0.02058724373330779,0.13849178470455403,66.3191713693425,0.2257776275627953,0.07258125694525916,-0.0627943485086343,-0.13352685050798263,0.23664239391094063,5.035667025533149,0.4616182163158596,社会服务,2010-01-01
600487.SH,92616594650.94641,0.02072550569925214,0.6193080715445125,0.018190608141359654,-0.006673513121273997,68.82833737434775,0.13721376895607296,0.1810255346542271,0.06462821403752605,0.19874804381846634,0.3283283906324904,2.500245289974054,-0.27218253145536014,通信,2010-01-01
002601.SZ,2627643172.00594,0.06834673019492118,0.8792452520374289,0.02691657330146757,0.03183641852217599,98.20167714830473,0.04394258408557615,0.1599208163584266,-0.1395686939665618,0.06540654065406537,0.3639982577457995,1.3980153554126757,0.6388232407397461,基础化工,2010-01-01
600839.SH,14801253097.51862,0.0273868790012669,1.0585261917411648,0.025166272622133237,-0.05248919307221492,74.45490771674801,0.1314059086003957,0.10848414822621169,-0.08130081300813019,-0.2070175438596492,0.26145496819915554,6.273552360241525,-0.03524557416163116,家用电器,2010-01-01
603588.SH,5283464233.600394,0.056349294507152654,1.1205968440750487,0.025893799171342644,0.09202076371716986,23.297448602296253,0.452774958588797,0.0020453672565743514,0.04791238877481163,0.1790527531767423,0.28120484351268,3.212386633512476,-0.003911481378359976,环保,2010-01-01
300957.SZ,12077183324.418573,0.04812312201002149,1.412195408663361,0.0007380264383680634,0.08519169199244453,39.812304361005985,0.16419150931206788,0.030499265535016223,-0.12230337395092095,-0.2272073531599742,0.19244142837216846,5.708397783379421,0.349010244280788,美容护理,2010-01-01
600016.SH,31826031479.742023,0.0369607486930355,0.7696306126720415,0.010539102208759773,0.14848414535069174,35.45014234719526,0.18159893689710588,0.25834244811067575,-0.07275902211874274,-0.06733021077283374,0.13085437560058882,3.705401772718478,0.19784696246801362,银行,2010-01-01
300433.SZ,26886160450.91873,0.08441596133461776,0.9781563019456067,0.012095774450039901,0.14192495423397017,23.957604322785198,0.3283340808859654,-0.0029535202177020242,0.20739146035163247,0.3253249310752264,0.29385096657503346,2.3664132308486505,-0.5538211303221947,电子,2010-01-01
002563.SZ,4783092436.90556,0.051520936464264026,0.6800430046484819,0.027295733206643767,0.1153554385190279,31.168817891586702,0.18248290612765475,0.06497081462229279,-0.07317073170731703,0.209090909090909,0.2791957955391097,3.0988912288567274,0.1762510462488282,纺织服饰,2010-01-01
600346.SH,11127150220.958323,0.06010379044906869,1.402229868166641,0.009034219543557761,0.1402990534097489,52.59456324948566,0.07857527161279819,0.15931742069486943,-0.0616583982990786,0.07993474714518767,0.12670512862943684,3.999078406601716,0.42237898471789065,石油石化,2010-01-01
600352.SH,8331007994.122866,0.05743953046740896,0.563903835271965,0.020969164922075078,0.08285759852573524,30.07004932219686,0.5931474644093488,0.05616169174512002,-0.05166051660516613,0.03908355795148255,0.185215189179481,3.1697999728102864,-0.2196340105203016,基础化工,2010-01-01
600784.SH,40363386761.953606,0.01806679486590993,1.0967455417255905,0.0036731823271192675,0.13966489836448445,47.79792714812012,0.07814965760192796,-0.02920847870195309,-0.12924382716049376,-0.14733660748016608,0.24536644843640915,4.281380742893762,0.34166162771129405,综合,2010-01-01
600383.SH,9031882221.597038,0.023440933861188798,0.6932108090432035,0.019487263514631478,0.03319803610078853,24.536685604730728,-0.001589992784919031,0.04889518174640345,-0.28163265306122454,-0.10432569974554706,0.5189317510005141,2.5862924770246396,-0.14147945242713045,房地产,2010-01-01
601633.SH,6834932659.341608,0.05159927286590868,0.9299204919658919,0.021195920390738743,0.051307881252791454,35.895981524734545,0.45308551382482465,0.1808715659089309,0.009889240506329111,0.129646017699115,0.28124983249656227,3.0688862354962674,0.26297087012311515,汽车,2010-01-01
601328.SH,8065567378.620988,0.052561470310144895,0.6737674403984482,0.005746583825765045,0.08311647525407341,27.788933919910676,0.3528781564232939,0.14458530363478406,0.02941176470588225,0.18198874296435275,0.2857888448474666,1.5220685716571951,0.4357421982632926,银行,2010-01-01
002672.SZ,6160780019.105673,-0.004571386732876909,0.5695131648129397,0.015732313415362745,0.10996829568460303,54.55670616921746,0.41324135050000455,0.049193648296494794,-0.1606334841628959,-0.2286902286902286,0.3458943413103422,2.131661581839455,0.472066416895658,环保,2010-01-01
603501.SH,6652205758.690396,0.05263332154674094,0.37592501506658893,0.01892903967380087,0.17674690595598808,24.99781547170583,0.05409266511495861,0.14740888283602446,0.11129702596210911,0.052661178996881164,0.21618469313377697,3.3574840933429093,-0.445073053844938,电子,2010-01-01
600258.SH,1478690035.3956707,0.08643144351074493,0.7937526711493257,0.025177901786084114,0.08581037014003828,52.87478699392496,-0.17510155846159223,0.09528328585248236,-0.07569141193595352,-0.11682892906815034,0.20379623314244957,3.3481228853696203,0.21286044640332838,社会服务,2010-01-01
601318.SH,14251187688.589727,0.017697402462399384,0.4555905671823422,0.011598227584239592,0.06006949524454493,83.3009082278387,0.15704317318934616,0.06928163876353774,-0.057026895116750964,0.031180651141886173,0.1447059810777833,5.734655259933285,-0.280941618960287,非银金融,2010-01-01
300413.SZ,13026182253.10148,0.06562947909206332,0.8391663155880271,0.010609776106830286,0.02914702242829076,64.08715482368561,0.34301476439894474,-0.042159352493591845,-0.16605014385532257,-0.231148162182645,0.2602326635735728,2.809333205539081,0.4333637752821453,传媒,2010-01-01
000333.SZ,859700011.6365118,0.040075584211363105,1.058856565827321,0.003517050456884483,0.09445435737327079,40.339997847131436,0.2689277752002666,0.1825396952084592,-0.042617037238032895,0.07739977008190846,0.23368452762653535,4.346847716791593,-0.43192638229862906,家用电器,2010-01-01
603259.SH,9323241103.669985,0.0698585032439897,0.49847490782035386,0.014224942350482392,0.13250800525416434,31.19712943689392,-0.11132419475331426,0.10427059228708227,-0.05869977403184323,-0.16994571814662973,0.37855158854254267,1.7387615908119507,-0.5536066561314322,医药生物,2010-01-01
000858.SZ,22097449655.23009,0.06404078111856279,0.7767810338533003,0.01897210779019915,-0.021893732503950256,42.730608808736086,0.06672580486414169,0.19863256054222392,-0.1516390772816435,-0.1654122489087635,0.18908484432859288,2.796328582386282,0.6092859523757838,食品饮料,2010-01-01
300308.SZ,35217357414.37715,0.03733498735452619,0.5859067151445684,0.013392431683721432,0.13917575006542635,87.67845685317548,0.18784304052241882,0.21540212836059222,0.2099851646042894,0.19315395152970627,0.6698328193929654,2.2726709627966097,-0.5435639213803201,通信,2010-01-01
600585.SH,4900405701.150431,0.06149771980893691,0.40222143628076357,0.007420665243596218,0.09880676439247088,22.196720486194323,0.5910883554927608,0.068743997578078,0.005326231691078487,0.11192930780559629,0.24848978937743485,2.8099409677757206,-0.3011587844708941,建筑材料,2010-01-01
002607.SZ,2371632643.0201635,0.023628536959212486,0.89428040828525,0.025758575748871117,0.07170522221897924,32.039663687309115,0.28592563769150625,-0.03426540654068491,-0.31726907630522094,-0.47040498442367606,0.7220166061009354,1.3851496776969139,0.011644793215482625,传媒,2010-01-01
601800.SH,966008347.1988165,0.04306163792260323,0.9088508919907179,0.010429097453081931,0.07087390245638081,25.05720059525314,0.28222048615570766,0.1555761079346541,-0.002442598925256667,0.09373326191751463,0.19569182756580855,3.1733717020089784,-0.1807396376269064,建筑装饰,2010-01-01
600019.SH,73245924353.62486,0.07953114137807378,1.0803838310776497,0.014027267005194315,0.13539615797741344,54.329451731646536,0.2634421276080544,0.1866000112184135,-0.020813771517996904,0.04983221476510069,0.251136302690406,2.771975869516637,0.2903976714363939,钢铁,2010-01-01
300896.SZ,8879850983.510435,0.027495024154169226,0.09812340549784271,0.008628745036359261,0.17324976083895852,61.313872413539904,0.005329561947608141,-0.005682279058606465,-0.16501521416868226,-0.27073253833049404,0.2692493652318198,3.1657332585330678,0.07598552362501423,美容护理,2010-01-01
601919.SH,11524821456.999664,0.04357520505206358,0.4401706922804868,0.007609227827901562,0.06521414692576949,82.33894686040102,0.20991124200479702,0.007526827377606252,0.18135593220338975,0.7645569620253163,0.6832224734576439,2.4687988464441544,0.0160987880445218,交通运输,2010-01-01
601238.SH,1233385034.3641338,0.046426092894824335,0.9942935391649331,0.019960412891545393,0.0713838171639182,29.114934293069794,0.41980342732644105,0.11476392472383595,-0.022891566265060392,-0.07101947308132883,0.24257865890552832,1.5138540949688155,-0.27279708829564586,汽车,2010-01-01
600760.SH,2227552654.334147,0.015333721406439495,0.7762389147419572,0.009107134196245488,0.047170376278573505,25.880176276963333,0.09819756605168523,0.08148610393451684,0.05897332797212185,0.09054520358868179,0.25605508150508344,2.1395589632592724,-0.7949034981653583,国防军工,2010-01-01
002251.SZ,13747146613.636738,0.03681958957874179,0.8818842908032714,0.010101117279158038,0.1224029523920808,21.964490710739483,-0.04624274831482067,0.049488951938061465,-0.1289473684210526,-0.1424870466321243,0.459547665260758,2.6938262365200867,0.06305028987599919,商贸零售,2010-01-01
600138.SH,2590206042.41501,0.036983627040891594,1.1138186386282074,0.011062208191473707,0.16205549987163453,22.04288692319379,0.049547944764249674,0.07067004331911621,-0.042156862745098,-0.08391936240037501,0.15895381451695031,3.0309541982074513,0.5811158100975329,社会服务,2010-01-01
603225.SH,17438337577.32092,0.03961027318245414,0.7216874494731564,0.01733557055094809,-0.00012047081413957272,28.04600169602313,-0.01554717407480502,-0.04526833258813115,0.007470722842912725,0.11144936144936146,0.3556763224415916,3.2375638269306424,-0.5889719876516566,石油石化,2010-01-01
601006.SH,6296829618.336318,0.045052291536920405,0.32262157701749666,0.010433220839977362,0.032458840003556796,28.84783172433472,-0.20016592683641912,0.17221796296283126,0.0015750511891636787,-0.03343973248214016,0.12093071783167414,3.0128579127103357,-0.0896864069132526,交通运输,2010-01-01
000830.SZ,2441536762.074726,0.017968495465497947,1.3781307030253318,0.02464858853572346,0.08456097304530497,24.596653839370408,0.05949734262835557,-0.008983512089459522,-0.015450643776824036,0.2535519125683061,0.21746885453724293,4.03343825297525,-0.2769723628919957,基础化工,2010-01-01
601668.SH,5500139582.088408,0.07808204339516317,1.353516475461986,0.010192617164859061,0.1587075557472591,67.8492401068297,0.39178345990218033,-0.006712126180179329,-0.04266046150862901,0.06699805489518051,0.20784165390018733,6.180471798842028,-0.030990867644685675,建筑装饰,2010-01-01
600011.SH,5392595497.9463625,0.07319726959188538,0.5051059862771775,0.02252228326296514,0.06161194265191772,31.49490319649891,0.0045923496676471,0.09766399969227563,0.016548463356973908,0.008206330597889888,0.2561874679781796,3.209260994913089,-0.09709974464792194,公用事业,2010-01-01
600176.SH,24621236197.798218,0.0854873581328819,0.6000251732465157,0.027296883278323986,0.038314135314590984,32.46731539182688,-0.10334769692846021,0.07249079586662441,-0.1253769926755709,0.1449520586576425,0.26758889334303587,2.194523244524163,0.6506793709740608,建筑材料,2010-01-01
600115.SH,36811052420.03201,0.03839785664537981,1.0145734384848397,1.9035800005614556e-05,0.10497305568515318,31.26620917848221,0.043976494654536444,0.11429321137511067,-0.0025316455696202667,0.06199460916442057,0.07889470297646904,4.3044834890223855,0.06588804345329896,交通运输,2010-01-01
002475.SZ,6616007290.000635,0.0924151851486292,0.6524691336946293,0.0007229457674904072,0.08223558233642009,50.59777170181629,-0.029157350759701856,0.0454461165466306,0.20129007163463108,0.18857637663962024,0.44780848301899395,2.537290419559354,-0.6337103941963453,电子,2010-01-01
601816.SH,1545526605.7945201,0.052204278044411814,0.8736716186823763,0.006397649954908828,0.14610602841928028,34.21458094237493,0.10016989612698493,0.16617494526387563,0.014397367338543798,0.051150895140664954,0.14498777697625617,3.2404173701208228,-0.32288290232303635,交通运输,2010-01-01
688981.SH,7881893956.114465,0.05359102343963411,0.5740127066733514,0.01811693618025281,-0.042953003488055586,25.509091075151716,0.17068065039510472,0.0370355761111818,0.18815500853034361,0.06907894736842102,0.34696075200448256,2.804948781229985,-0.7498641406700031,电子,2010-01-01
000425.SZ,29780870783.368042,0.04616167776730564,0.6507064921181382,0.008714815802180245,0.06741844124940402,31.16823115560491,-0.021951123549833668,0.14601630199226961,-0.06404269513008676,0.27429609445958225,0.35358232637202297,3.2050514865716098,-0.29748710183749105,机械设备,2010-01-01
600697.SH,12379914998.630234,0.03325931992554608,0.9182051646183793,0.02133408590261953,-0.028869031582830024,34.02209406245085,0.19718581563645687,0.0707593025380103,-0.13292253521126762,-0.12444444444444447,0.309690260338975,1.3113200777314882,0.22610965168854333,商贸零售,2010-01-01
603801.SH,133102692034.02118,0.03787757964530476,0.4820180739145818,0.008894990661032163,0.0863742903343612,25.63516923765789,0.0172159610895512,0.1255481737504083,-0.16056518946692355,-0.07632508833922258,0.37596663893089777,2.146457010815695,0.26573261602450793,轻工制造,2010-01-01
300498.SZ,37624384138.80709,0.07705243989146322,1.5249484961073332,0.01568200048970302,0.07061180785828466,63.12752763847415,0.4146863736863736,0.2616895500483247,-0.07920045257401465,0.06545930613135487,0.24517649415470566,2.7425879977445433,0.34444306110505785,农林牧渔,2010-01-01
002154.SZ,14859555387.898449,0.0545401130305623,0.8147648584416607,0.0024417181885446524,0.08200122290091014,32.56458440966323,0.18697170031948807,0.04096035355053475,0.007476635514018781,-0.003696857670979714,0.3525171301480953,2.6497911068141597,-0.5743607101425824,纺织服饰,2010-01-01
600690.SH,92798148618.91573,0.04416259461400158,0.4800050052286214,0.009582330957835387,0.10854236775180545,32.332072715268204,0.27772784003838136,0.026452678614376127,-0.03137143060853442,0.27318307483248194,0.2919512052594734,4.397015410838507,-0.4779538781763462,家用电器,2010-01-01
000568.SZ,8849432737.396954,0.062102455130219794,0.4990778602275404,0.02456142208486374,0.12543147646250874,22.332970291970614,0.19088702762568344,0.3430536790248421,-0.1851214767011483,-0.19391898235073213,0.2050389481579089,2.732357563908876,0.623779493495372,食品饮料,2010-01-01
601398.SH,5484880771.597162,0.03229369115689061,1.0471062570807799,0.009498439547902962,0.15015362422783118,47.93721269217095,0.38868398412651806,0.18391524274822715,0.015503875968992276,0.060115606936416155,0.14413310313149577,4.44398662066276,-0.2916235735097064,银行,2010-01-01
600729.SH,29091630220.572556,0.05599967719777808,0.6984277620810535,0.0079818608323436,-0.02356494271523875,31.828704355141102,-0.017011170119985375,0.06704481269532933,-0.07090674688440046,-0.10439105219552602,0.22041364769040764,2.5972269696630716,-0.045281787762141666,商贸零售,2010-01-01
600128.SH,5258214928.292266,0.048125188415862094,0.9135624125347651,0.003669497387314324,0.0628688324457132,62.67609490114753,-0.3257460259142415,0.2111994700673979,-0.12660028449502136,-0.1889035667107002,0.38489516909431476,2.458105543401969,0.36006330756342664,综合,2010-01-01
600801.SH,7682475113.545375,0.053094484722589604,0.9392677503931254,0.008240273274465441,0.11574737702506087,24.954505406243626,0.0990649103589829,0.28252417431887544,-0.037776193870277974,0.14116652578191036,0.30586722037429087,2.8989485314914147,-0.613732545145034,建筑材料,2010-01-01
601933.SH,15503998345.563032,0.05534197112388098,0.8337151298392352,0.007538809213757787,0.10751358981704813,41.82251940546123,0.3168827113271264,0.047423521949380154,0.16033755274261607,0.17021276595744683,0.6898417888997468,1.6307570946847114,-0.762240293489888,商贸零售,2010-01-01
002024.SZ,23325769976.352814,0.06665720901449412,1.0063119615581162,0.0179635854552551,0.08899088244195726,43.21462359859341,0.2773143717330935,0.19411944314570545,-0.1328671328671328,-0.23926380368098155,0.30904311007066376,1.438274115747391,0.5238850619549545,美容护理,2010-01-01
000338.SZ,5832148185.589066,0.031043052091288836,0.6583123908129063,0.017501153370289714,0.05768441501235306,64.54952319084099,0.3351913946144398,0.1456686451534998,-0.0558772047933217,-0.044946880958866786,0.283485185886971,3.231154815769762,-0.2933267497453503,汽车,2010-01-01
601699.SH,5765083237.857525,0.08317822662018401,0.7885076165938217,0.017812545582547714,0.13737834402210716,34.306654669931675,0.4242058794471508,0.09324870740191807,-0.06569620855335145,-0.050795031656275635,0.2876497200964722,4.398125290784398,0.20155645602727928,煤炭,2010-01-01
600089.SH,24281746667.80482,0.1024085580347984,0.48858113548140264,0.02181255978421878,0.14845988150303938,39.218506383159834,0.16767414169904005,0.16703747949776376,-0.044334975369458185,-0.10244547257105097,0.2121793307010953,2.722990937142587,-0.35770708007813207,电力设备,2010-01-01
600029.SH,69460458524.9452,0.06728886612371127,0.89322835003198,0.0038824264313106383,0.05351097992702534,33.40166126036359,0.5220899845449557,0.10297200476281418,-0.026936026936026924,0.01940035273368612,0.1492905018853538,4.2470976282662285,0.0003085671144107137,交通运输,2010-01-01
600728.SH,3537254742.33033,0.05111692743911783,0.8867135000506681,0.026964332609825895,0.08641523683394954,39.08858031825662,0.05770352032046508,0.15424580994442694,-0.06188605108055012,-0.2862481315396115,0.29435583250871195,3.57294652247123,0.20896167044372785,计算机,2010-01-01
601566.SH,116893382982.18674,0.07437467900778796,1.1337794877070952,0.02302161576955169,0.039237543478010554,38.02876059315972,0.3855011371239072,0.1321849263450499,-0.11867905056759553,-0.07475622968580731,0.31621420129601907,2.658647088822701,0.7943499088464079,纺织服饰,2010-01-01
600809.SH,3010695571.74404,0.02608900273803157,0.4617579350200945,0.008359235311647253,0.0641441268512282,28.93546798726555,0.19592501839497647,0.11189927345225412,-0.14538082826527665,-0.1262583537771762,0.21695354044761292,3.2754171167003756,-0.0630875312290965,食品饮料,2010-01-01
000717.SZ,26508342988.792385,0.009189119430771567,0.823701904985496,0.028315160683562605,0.13622866683570473,34.9903914869387,0.005238746189451082,0.09430600908901694,-0.16901408450704225,-0.25316455696202533,0.2654701847617376,2.875244457252461,0.7725103031966801,钢铁,2010-01-01
600498.SH,33850060338.007652,0.018968870508829238,1.2444773348283464,0.005393820342469223,0.046737390777798586,20.83404884230206,0.28899119462682304,0.23241360734985153,-0.05093069787182425,-0.14618447608138319,0.22875961071419446,1.8799784635491343,-0.47774688629720186,通信,2010-01-01
600795.SH,37705930729.60381,0.06811606324717032,0.7053308656731049,0.025134702699814767,0.038408724755228156,27.715097825708412,0.13666583123668133,0.09714499546618244,0.09819639278557113,0.18103448275862077,0.2946608644924307,2.8528246316320716,-0.021265658074586476,公用事业,2010-01-01
600398.SH,9833059675.22533,0.05162634190719951,0.4983765318901869,0.0233145025386924,0.1787639980222547,32.68949090565612,0.14163591410723614,0.20638886723433872,0.0525641025641026,0.16619318181818188,0.2674453066206021,4.5363650212211795,-0.35550048126767625,纺织服饰,2010-01-01
600027.SH,12755718493.626938,0.03783564737157713,0.3404968351819277,0.007617995977615358,0.1116042457138262,20.382598544841183,0.4942649773762732,0.13787117347446928,0.027642276422764178,0.053333333333333455,0.3970266610892967,2.7040633646478507,-0.1876653954653946,公用事业,2010-01-01
600031.SH,20934931942.98348,0.04352990793290394,0.7656630907981604,0.02377303626316325,0.10817109248305033,31.045901829015843,0.10549089913292783,0.16618898273759025,-0.04208215741611798,0.1690776884806735,0.28065840470657455,3.6001054415889477,-0.16506453920309502,机械设备,2010-01-01
600958.SH,914633917.4302441,0.02574394172367956,0.8405004722441312,0.011396292596115043,0.10534460248673201,26.026459338865067,0.3442298271027284,0.20978395379269185,-0.019485580670304037,-0.07477322873253245,0.15048630876446736,3.113639083262974,-0.32011550022715357,非银金融,2010-01-01
603816.SH,9464065702.39637,0.07325098123122342,0.9888549906998532,0.028976677440749866,0.042826201461136665,51.584787502893185,0.281417001846006,0.09398928475871057,-0.07245526547374603,-0.06945261918775736,0.297928388768065,2.987902274343018,-0.17179611780886522,轻工制造,2010-01-01
002120.SZ,6894192793.767656,0.028190912976558447,0.8889589692374267,0.018680430152142956,0.10461012538879037,85.04859980815925,0.11285116477692478,0.11899881433257546,-0.16833127595107167,0.05404636609301661,0.3111577505946616,2.047537013175952,0.44826749323573706,交通运输,2010-01-01
002508.SZ,3053895282.724938,-0.015063833696774262,1.0112908847439863,0.0014096573680806245,0.16517728852584604,87.6141622284969,0.1844613622781089,0.1359608171395816,-0.10722600855098852,-0.043667528227452124,0.211815935616618,3.1795856771554214,0.07687139732990274,家用电器,2010-01-01
600598.SH,20026428156.92802,0.023635747347390844,0.6639267601619662,0.02025484016544551,0.09434338179723056,70.74951715552226,0.39890982384145657,0.06594716997242153,-0.024659863945578175,0.08003766478342755,0.22113039473338872,2.993603956871403,-0.3555659762976673,农林牧渔,2010-01-01
000963.SZ,6797603626.075293,0.05365534939346927,0.8436992981226092,0.02798973314353136,0.14818824972525046,27.725348112951337,0.06427577033828732,0.13843733895154856,-0.06388039415562352,-0.07674262734584447,0.23229583241307533,4.185816225210087,-0.18063237857690576,医药生物,2010-01-01
600507.SH,58204016842.86587,0.07348018477178825,1.1786624427575767,0.01424604317919181,0.17808948630127572,36.42705178824135,0.08277977237430605,0.053328789138242266,-0.05885363357215967,-0.07074279939363326,0.134669611906558,3.154840925003886,0.2657554791741765,钢铁,2010-01-01
000877.SZ,37378731765.20421,0.03092202185826937,0.7290025412511951,0.004904277159875716,0.08546868697101927,22.099207645990578,0.06373139431925033,0.03026443899932496,-0.10943148209004283,-0.17953375719043296,0.34451526841426416,1.7362548126048287,-0.19033193474023627,建筑材料,2010-01-01
000672.SZ,21888722316.9193,0.06026590473738301,1.4298149147882957,0.02961811140947511,0.08550650807521643,36.16976016219582,0.13436962932370647,0.011963193676415684,-0.07670654468684024,-0.11111111111111105,0.27539435133297596,2.7054197192743556,-0.03537797588294639,建筑材料,2010-01-01
601600.SH,53365315899.081436,0.05052928639772532,1.0491187495378678,0.02953917120145857,0.1425026358097417,37.792114440002045,0.1570734846443395,-0.02684038691204438,0.0013986013986013734,0.1049382716049383,0.41559738316892264,3.2615220989871636,0.047233886268686354,有色金属,2010-01-01
002008.SZ,9026752513.877123,0.03442550614868098,1.275658943401865,0.014830650305742741,0.13323602227367382,24.90353047950751,0.5743033284874637,0.2037735172052268,0.01933055244684101,0.07212413055109668,0.23852105848251845,4.067667109529422,-0.23390846056033973,机械设备,2010-01-01
600395.SH,144263877012.62296,0.04323015444573494,0.8277587269507202,0.00046590854399454316,0.10026320174657939,81.70464270334315,0.21163104467956279,0.0919042241807796,-0.08681672025723475,-0.01559792027729634,0.2299223903731281,4.374006083493544,0.3790162931151473,煤炭,2010-01-01
002033.SZ,10504197065.655266,0.04776545452664915,0.7477026156592605,0.025440176709502917,0.03693631132359025,28.13773606469137,0.10562320339103617,0.11915952259368984,-0.04465334900117501,-0.03900709219858156,0.22364159465046324,3.2192926491840703,0.3570793756236387,社会服务,2010-01-01
601111.SH,21740159839.575806,0.0711664056130854,1.003260601906963,0.013991760869567662,0.08740211204477812,66.20857344875967,-0.07388328291479401,0.20194796346811347,-0.03947368421052633,-0.00815217391304357,0.13904928608744327,2.602084531043518,-0.05836381026089161,交通运输,2010-01-01
600009.SH,37529064659.24493,0.07267420176140549,1.244653965261377,0.01181173866612952,0.08834786493159802,66.9162886868903,-0.05732331759808701,0.1045428927726734,-0.08657142857142863,-0.10372862349313161,0.16180553160712102,3.44913828058159,0.4548737350451454,交通运输,2010-01-01
603587.SH,2029498728.4252667,0.03977410398931873,0.5899314525798867,0.016524393937189838,0.09066886067511636,22.74583668297267,-0.34223106988876417,0.1869164095198964,-0.05212405525149855,-0.04465458366167585,0.14655439721081445,3.070785237468636,0.7914805998223945,纺织服饰,2010-01-01
600893.SH,9858159340.49865,0.04221119856222534,1.2652310644688214,0.01903577679085449,0.04289219878596828,37.00611280106132,0.18240696233618048,0.21071008089136103,0.05108630140917825,0.0695032561399409,0.1994290428339351,2.5395595615797695,-0.474807425696277,国防军工,2010-01-01
600123.SH,10136533302.109291,0.04477571568182229,0.3060896843716779,0.007826763696545296,0.1017768030947849,28.826256528939666,0.04861828732419139,0.0833197651219042,-0.05753138075313813,-0.18828828828828825,0.2969781260643483,4.385409172038187,-0.16963457336543306,煤炭,2010-01-01
600489.SH,27786809751.270786,0.04664851627275606,0.9006901691627779,0.025156316798691652,0.018746560554807015,48.93250433237336,0.12655989542124282,0.20789573870848999,0.03041274438812458,0.2694023193577162,0.3047480468732622,3.6073005387498647,-0.21172559520451148,有色金属,2010-01-01
002493.SZ,6165930839.91365,0.05407846982870248,0.7180339703102134,0.029684096536985023,0.05667698187126175,34.52458304059964,-0.1559355394405653,0.11474235422381236,-0.05342613469267721,-0.09171291505973089,0.1675890487133285,3.0567946828556645,0.12155372323859293,石油石化,2010-01-01
600143.SH,73230334801.39885,0.03581839712441437,0.39936657686700017,0.014380748928836827,0.1280545591245712,75.87825467486378,0.545177343000881,0.36526492581836134,-0.07518796992481203,-0.024955960070463856,0.18264348961060423,5.798831687989856,0.20150345857568633,基础化工,2010-01-01
601808.SH,12386700592.886986,0.05213587897342486,0.7011520238732795,0.02648971444213286,-0.038322679605481996,50.42167208602696,0.2559740594749113,0.1758784543744556,-0.043130714819713645,0.09980831515632227,0.2128281459379413,3.786300091874388,0.12734115006114122,石油石化,2010-01-01
000876.SZ,4602955273.891254,0.0468852314387926,0.40955405433143405,0.01262541158011231,0.119452808597837,22.3576350229763,-0.026361172556131768,0.25406901254434533,-0.08144883096972022,0.015896566341670137,0.2566851353542216,3.3077971179965613,-0.31133339610996,农林牧渔,2010-01-01
002241.SZ,17831469896.7891,0.022948046056021906,1.4220459617572194,0.004635860166760288,0.12651819852553647,21.567094719894968,0.05695402367777304,0.18214771760200255,0.15050511550093293,0.06043532412075203,0.3878579831592303,2.241549866716529,-0.6796989136833611,电子,2010-01-01
002573.SZ,53415127070.60587,0.060812508694718125,0.24078471481699126,0.010389822620029096,0.14510091466284025,33.36918695669641,0.3236232910813664,-0.04428325465612096,-0.1413115478030471,-0.11993663724824621,0.29506707586345815,3.071363351401125,0.5095579509982257,环保,2010-01-01
002396.SZ,40244011099.15534,0.06188004402691827,0.7833551768336755,0.011645782269630738,0.15594591890229056,43.250673230807216,0.16363279565241032,0.10372874253628314,-0.032501672880221766,-0.18889245071325533,0.21496870071969887,5.625867613565798,0.25774040157086797,通信,2010-01-01
601988.SH,32458374548.964222,0.05530155276340602,0.8328196651436695,0.011278599541493817,0.16012433379861157,25.27852097728778,0.34324153163208726,0.06964325182168171,-0.002569373072970116,0.021041557075223594,0.15634480880991292,3.877365492521699,-0.33013733799598516,银行,2010-01-01
002230.SZ,31648937470.445755,0.035240669896260346,0.6646363650358071,0.0293181140869049,0.14804351497917642,45.48015525106852,0.015325850693376442,0.12706063171124465,0.022355231845388346,-0.16410840981898944,0.22500527174833165,4.327940051751715,-0.41142970455199884,计算机,2010-01-01
600030.SH,21674019123.323067,0.05302192078415781,0.6924467080245092,0.013825181376026157,0.13569931214658565,20.29960002738432,0.06648159316251548,0.12001832471037585,-0.008668015024559272,-0.10720791048659895,0.13131775821751493,3.125321199356565,-0.43259796349621377,非银金融,2010-01-01
601010.SH,108169240674.75122,0.03253093130397801,0.9013152320028033,0.006314720102378357,0.020999376727972738,25.534735140750033,0.02272075139410243,0.134642100663519,-0.16017084890549926,-0.19867549668874174,0.2964754487300172,2.1740368497316385,0.644942387741701,商贸零售,2010-01-01
600340.SH,9652463645.650663,0.07136473392132991,0.3900401122153883,0.012199686398490884,0.07855245847321946,25.25192505022223,0.02412929992446311,0.07453958463479995,-0.16666666666666663,-0.2605633802816901,0.3768301936547984,2.534382458249412,0.37180183052643956,房地产,2010-01-01
600968.SH,19102158322.946297,0.040400580908126274,0.6136692673534091,0.009395038198677048,0.13658730233377128,38.31116227575016,0.27316339226682707,0.1242710367740931,-0.03764115432873272,0.26776859504132244,0.26458722116268335,2.851247557518147,0.1938122489029382,石油石化,2010-01-01
000059.SZ,1165703473.6031218,0.04760334623837595,1.6051415460388547,0.02515958590586219,0.1103188362082503,56.918761593565186,0.08234310020268547,0.2378203586972472,-0.12833128331283317,-0.1724406383806929,0.3059232620076233,3.279210291408697,0.7195840556528569,石油石化,2010-01-01
600593.SH,32668112962.295326,0.07086495597376369,0.4186027799433199,0.024690764237204222,0.12518042158690879,50.98363578503197,0.058369806186746226,0.15295769987305788,-0.11758989310009715,-0.2226027397260274,0.3825357058763592,2.6782285737712357,-0.0019974904702629295,社会服务,2010-01-01
600323.SH,10999846644.74647,0.04596799158495644,0.6534264014975661,0.020442209957682457,0.09758948698195549,23.208970921030804,0.24120930979647534,0.14436766517651994,0.0918604651162791,0.3319148936170213,0.2192325774253604,4.141560267921002,-0.25250160109751135,环保,2010-01-01
002242.SZ,44465939495.212715,0.059769816144608905,1.1596805497415175,0.01874577113560691,0.0994326695831481,34.14548141743993,0.03796077258029039,0.1499269415124147,-0.08159013974481388,-0.018642181413466963,0.2841151872848789,3.0075708231479443,-0.19361441245838162,家用电器,2010-01-01
300015.SZ,176647774337.32825,0.06666222612867675,0.6728195859055093,0.01698873337098413,0.13232550794848255,94.53064507299365,0.43814338521888596,0.07450601045623528,-0.11110175911118592,-0.1801102398882074,0.21912891455711775,2.91559165434113,0.41844015030032805,医药生物,2010-01-01
601211.SH,10568726211.66281,0.06457056290854277,1.2070686397508088,0.027861160756748805,0.12642271768917196,54.57117284419596,0.38417813590558625,0.32089354453619634,0.03645007923930277,-0.04316020482809069,0.28997216754462407,1.4805440175923243,-0.7684361653224693,非银金融,2010-01-01
600661.SH,13725765734.16717,0.07413771967585026,0.5179835922486864,0.025304166929321654,0.04187519650457214,27.770365676297423,0.09626460266929016,0.021776886474645873,-0.045415595544130216,-0.10016155088852985,0.7504280165636747,2.0561147782427063,-0.5131225232418043,综合,2010-01-01
600547.SH,4492631250.519981,0.020884838915567482,0.7857118171492147,0.005473097026793919,0.08595997643738246,21.431087312633437,0.18553973844315902,0.13805925241738604,-0.03211349119525708,0.10294768166646562,0.2841087954064206,3.2612948169834737,0.3243998235899362,有色金属,2010-01-01
600805.SH,49796472842.665115,0.03930609994548923,0.8493031855770763,0.025475738967464284,0.18117595282773408,81.87183966657881,0.442052049778497,0.21953687790843074,-0.08775981524249421,-0.07494145199063218,0.29015362305154013,2.409291169959407,0.1969234819870039,综合,2010-01-01
600436.SH,24439929267.44782,0.04063582412162894,0.5531525437930891,0.0018610924414368601,0.16221385054889176,21.240495078380484,0.1202047129228874,0.19250807098625328,-0.0669916372255267,-0.08181498107560958,0.15139410604708475,4.250394721893572,-0.145553190019006,医药生物,2010-01-01
603659.SH,7204534058.746305,0.05104726693799991,0.6495064539817673,0.026096665600331213,0.07130741959005324,47.03991977835542,0.08187933874503311,0.16563281289585802,-0.08401768793430198,-0.21366594360086777,0.4720161625681664,1.9457456160404578,-0.7503932284674043,电力设备,2010-01-01
600552.SH,11363465870.506657,0.06756488337704443,1.0048304397551497,0.004103806751966342,0.10298668204763456,50.662977575303096,0.4812146339420559,0.26205555535182046,-0.036437246963562875,-0.2266450040617385,0.26070652231139463,3.2545587676907406,0.4039844621557525,建筑材料,2010-01-01
300750.SZ,6759599561.367275,0.053148840126123614,0.67776927814557,0.00752815568918191,0.10597288556901496,25.448559766348467,-0.021758499701810596,0.07214411359699299,-0.08445891837061548,0.02183822434083127,0.2974345851420187,1.7988296688051606,0.4865489906961703,电力设备,2010-01-01
601998.SH,2381401410.7343297,0.06260504380888399,0.9434155598849429,0.022810251938699976,0.04897668515446818,44.88135229384916,-0.11818675977056745,0.17595302952500763,-0.06762196103687002,0.10074130393461322,0.30704798465470445,1.6519321656763246,-0.1013911458821566,银行,2010-01-01
600859.SH,19434249875.534016,0.04510432279706701,1.0795515291432107,0.02239561284211564,-0.0023359984858307703,53.318009917601785,0.1358552518286835,0.358067873921226,-0.09551967250398008,-0.13923959310295086,0.1682469457495841,4.112229387049014,0.3648946560109099,商贸零售,2010-01-01
600570.SH,10263835573.58097,0.03629748039699769,0.6254817797802376,0.02851033518865237,0.18294540815191085,20.78932263753889,0.6679183012075529,0.12194954086529498,-0.0949050949050948,-0.26461038961038963,0.24960660866868817,3.047803660781469,0.521554230878537,计算机,2010-01-01
300070.SZ,21776243844.701187,0.05408663759194051,1.406370936901953,0.011919908525906572,0.09384610835485781,54.16540364166275,0.21977737043377313,0.14162160338066504,-0.07895860008536071,-0.11611714110178173,0.1729444373463918,3.953643792580188,0.5855434778194097,环保,2010-01-01
600315.SH,3677741247.313242,0.08062173959228139,0.12206973576275948,0.010840097712834196,0.15437522860445696,36.00299501860359,0.23398591730903773,0.15990932114377931,-0.08892931130311765,-0.029600129164200073,0.186667304785163,3.7576809524357118,-0.036073040668177944,美容护理,2010-01-01
600276.SH,7624081118.105575,0.04770758693353007,1.027896231759294,0.013272601508179604,0.1277443604981994,25.653336588627685,0.1036634614158983,0.10320834517669489,-0.05736000573600053,-0.1299331583243255,0.22601199540327893,3.272218411530218,-0.03563944017039441,医药生物,2010-01-01
603195.SH,77721489985.31686,0.008909370034123766,0.6800563366510013,0.014139305491538141,0.06360719635494608,36.086400589501864,-0.06761206798308306,0.18049772133225,-0.051394547163898574,0.16500245889371157,0.2525023051153733,2.104275370287405,0.022988389471358853,家用电器,2010-01-01
000967.SZ,41144004776.23609,0.03178614125234662,0.8416091077329562,0.018107471082007203,0.13647938313271518,24.537624435458778,0.1589103490850624,0.13792555928909062,-0.07466168922071847,-0.16258445945945943,0.20921560439304412,4.412413948562595,0.5400561148691579,环保,2010-01-01
600309.SH,1171583282.4918506,0.031313931404826585,0.4440264280776221,0.014196438346671366,0.11525601535176333,33.764742650167314,0.16354189039041367,0.03676574288127678,-0.06275374086532881,0.10510839089106216,0.16293930659347602,4.103270776271749,0.004477317972188115,基础化工,2010-01-01
600438.SH,4698986873.967,0.02292397193893245,0.999746040292287,0.023035635255613005,0.1007982621010095,23.60022708163328,0.26469768522007864,-0.0655781697189596,-0.04295713436113269,-0.15024980705958801,0.30504739785917545,2.0056646243218097,-0.5649900393217113,电力设备,2010-01-01
600600.SH,8789073736.104084,0.05701031183499143,0.8750493313312407,0.02031961480225703,0.17119809806016717,26.555790918686434,0.45834145481147337,0.12419524771586474,-0.12568098314962628,-0.13575453976205376,0.24243455487753243,2.8106343743992652,0.5601179689600959,食品饮料,2010-01-01
600900.SH,4807109177.266158,0.0559848416644063,0.9711658164741817,0.016246063134209017,0.15218599826193788,26.415174634665835,0.29962698374396524,0.1743590014392915,0.08344637645414554,0.1441159873247384,0.1910601588864387,2.174012878668399,0.2807271416161249,公用事业,2010-01-01
603898.SH,26959592946.919216,0.0463106937919932,1.6152265897003992,0.025835670280595125,0.12609222728616143,36.078405831948906,0.34830062863653544,0.037193591903528764,-0.10226179018286807,-0.17837480731116506,0.2985546332407961,2.7920859520829215,0.21243342044308117,轻工制造,2010-01-01
600282.SH,28550719100.2136,0.07499462051093753,0.6881531308417745,0.02661572087196519,0.07368496626355592,24.140641296971083,0.01956967543331617,0.22017206480418694,0.0067279659116394885,0.17543859649122795,0.234719638628068,2.775375121673159,-0.1497539642152599,钢铁,2010-01-01
601939.SH,7948826167.964445,0.0795551424770969,0.6844478792610676,0.018305557807405705,0.1501874294523843,94.95631788175426,0.22066728996811558,0.10010647940249606,0.024666995559940785,0.061318344404700964,0.1195712802120699,5.1396064053860036,-0.3671890627989364,银行,2010-01-01
600088.SH,16423252282.130657,0.032445588126226346,0.9904312132932489,0.004000347357132363,0.11530799141393344,20.076627839207422,0.5951111171891105,0.2652735545188625,-0.09322317740314845,-0.33025480333140933,0.3528665198536781,2.5445839171442906,0.18730658336291578,传媒,2010-01-01
000069.SZ,28189682239.29373,0.058424965517242536,0.9920374318838681,0.006024870358993712,0.15508260772240362,29.07981571017516,0.18053917985642212,0.31378980776871646,-0.2695035460992907,-0.2695035460992907,0.2864964363669393,1.971896651074258,0.44709631151193946,房地产,2010-01-01
601898.SH,59594328734.70252,0.055444356412174635,0.8931885627663205,0.026382156556883255,0.04209868411428669,74.38205284144539,0.7626526067719135,-0.0007158758509833024,0.042039355992844474,0.15118577075098827,0.3629482343991401,3.4791372288166227,-0.16603533287691813,煤炭,2010-01-01
600887.SH,878562914.1420945,0.04134469477923767,0.7194689856751665,0.014976510765951983,0.08102638146839289,21.36053143005198,0.056335184256811915,0.03493282232711034,-0.0731331793687453,-0.06485436893203889,0.1836438385015052,4.447010478459039,0.3877279665867856,食品饮料,2010-01-01
600036.SH,47627031161.1412,0.06132951179670437,0.31815810199994066,0.028047106891689016,0.13473071200196923,44.456346265060134,-0.004137305813888187,0.047307735425818565,-0.03495210888926226,0.09536524890329967,0.2220815174675354,4.089271228543958,-0.21704700389559992,银行,2010-01-01
002831.SZ,7208674167.241542,0.01834731585960915,0.7767891470326523,0.02189409133408229,-0.004589272065956523,42.07069476552912,0.8336029456289721,0.0901075668017189,0.02363251235619046,0.06017980814728796,0.1785508844834047,3.4970187792311713,-0.10851464420694652,轻工制造,2010-01-01
600827.SH,6303335362.053636,0.05157075198291656,1.0734018604755613,0.008146827981235559,0.09586570934794086,30.754624919904284,-0.3466648196027561,0.07199122705899791,-0.13143872113676736,-0.1593123209169054,0.19207351901760336,3.994072255533131,0.5350614600093331,商贸零售,2010-01-01
600066.SH,4139832956.7652435,0.08790814193651478,0.8936717469899779,0.006720824789791294,0.07974818549630897,52.25731486148895,0.3697934435840174,0.04864380040786832,0.09776264591439698,0.7295019157088123,0.36767238211898723,4.754746959845818,-0.6306444916205441,汽车,2010-01-01
600426.SH,2700302814.507926,0.04298534067753858,0.7976270434448668,0.0016231139403441374,0.09140420715813172,41.34782234912244,-0.23046758264850295,0.2884733825269107,-0.055493090566174685,0.13512924458393272,0.18234974574878915,3.3503822432121066,-0.46035809471443245,基础化工,2010-01-01
601688.SH,5191944568.781354,0.0587939893733668,0.8515451057146125,0.01574164748088856,0.02951784158581626,52.77871137122962,0.11763377781339415,0.10638340127685657,-0.05179282868525903,-0.0943683409436834,0.21275662905626144,1.756009708473629,0.47927595474087575,非银金融,2010-01-01
000932.SZ,21356620665.378254,0.02840903599759287,1.154169327304773,0.02370509871906232,0.10298104422532035,64.6746711384246,0.42225578750816684,0.104540436435333,-0.09373047281816294,-0.12472339569503121,0.26746357258542264,2.6791358497945934,0.04733314173948052,钢铁,2010-01-01
000538.SZ,10662038627.259893,0.0444836789073805,0.9206865859621655,0.02363731619808206,0.12919011373814412,26.199210455027284,0.40498068735667236,0.09245585030036371,-0.04824202780049058,0.06928783042050402,0.1847565100658228,2.737329857916596,0.4828476295683138,医药生物,2010-01-01
603000.SH,7508169908.514938,0.02800478310236596,1.084952977974859,0.01519655317570964,0.1450476732392516,21.56907049957249,-0.06608283686341948,0.10110008385274924,-0.08200100783361575,-0.3497842240176514,0.24093050369627633,5.63232526965032,0.12637140453524845,传媒,2010-01-01
600048.SH,13621712119.77359,0.08517690044387544,0.3557023455149999,0.020453813569879777,0.11129306474179725,29.666665204435517,-0.1055029275407979,0.07906146636782407,-0.11747137879542058,0.007959067652075102,0.2679021984031694,2.876829196532827,-0.1453609010642768,房地产,2010-01-01
600177.SH,71412990828.26166,0.06986017062968558,0.7703601832144964,0.007423886606552117,0.09853661326688011,35.476229349597546,0.16492126177828387,0.1525956558738711,-0.04197789064834179,0.12037037037037046,0.14481224771181,3.8087146935668343,0.33627905041790124,纺织服饰,2010-01-01
603288.SH,297379344180.10706,0.07542803497426648,0.7870030179293757,0.029106802741109165,0.1043028771751425,24.017837310214183,0.10112391642892316,0.21084689114081917,-0.029472443265546766,-0.12768211920529804,0.16382018055733666,2.8442192754952926,-0.040077924056538546,机械设备,2010-01-01
002064.SZ,10752502325.115597,0.002578049380464603,0.20442788672901768,0.02076857561724566,0.058679089157027305,63.41503048084212,-0.028307399577224196,0.014994227159060347,-0.05479452054794509,0.09004739336492906,0.22083160009839903,3.7667810218445723,-0.40270412971279446,基础化工,2010-01-01
603983.SH,57225049307.51903,0.06069176567373822,0.5473173434834293,0.017679025970350072,0.05795252901402638,37.33078151239386,0.16175409844232114,0.1502617584695005,-0.06153846153846154,-0.04355400696864109,0.2064705836878911,3.1758107667750153,0.5848334416102545,美容护理,2010-01-01
601117.SH,11389952543.488693,0.06172198290429849,1.029138541792927,0.01904877136663495,0.10173791445568835,26.262519225018877,0.06367779085180084,0.16232215379302478,0.018479408658923058,0.2433129229777633,0.3361705670392672,2.656337122908226,0.3909665713706164,建筑装饰,2010-01-01
600486.SH,5113044706.683506,0.07586958397284471,0.555762023204806,0.010700496144405387,0.18169696656950413,22.009433409406803,0.0993120537216548,0.10760628704216155,-0.09693454846727423,0.09834744054816613,0.2253480717957722,3.72037730781837,0.40821786670487703,基础化工,2010-01-01
